<?xml version="1.0" encoding="UTF-8"?>
<project-private xmlns="http://www.netbeans.org/ns/project-private/1">
    <editor-bookmarks xmlns="http://www.netbeans.org/ns/editor-bookmarks/2" lastBookmarkId="0"/>
    <open-files xmlns="http://www.netbeans.org/ns/projectui-open-files/2">
        <group>
            <file>file:/C:/Users/wjohnke/Desktop/CSF16/CS3050/wmjxb2_project/src/wmjxb2_project/Wmjxb2_project.java</file>
            <file>file:/C:/Users/wjohnke/Desktop/CSF16/CS3050/wmjxb2_project/src/wmjxb2_project/Edge.java</file>
            <file>file:/C:/Users/wjohnke/Desktop/CSF16/CS3050/wmjxb2_project/src/wmjxb2_project/Obstacle.java</file>
        </group>
    </open-files>
</project-private>
